[{"catName":"t-shirts","catImg":"./img/goods/shirt-xtr.jpg","catItems":[{"name":"Green-Xtreme","price":250,"imgURL":"./img/goods/shirt-xtr.jpg"},{"name":"Digital Owl","price":312,"imgURL":"./img/goods/shirt-dig-owl.jpg"},{"name":"I Can","price":280,"imgURL":"./img/goods/shirt-i-can.jpg"}]},{"catName":"cups","catImg":"./img/goods/cups.jpg","catItems":[{"name":"first","price":25,"imgURL":"img/goods/cup-1.jpg"},{"name":"Two hearts","price":31,"imgURL":"img/goods/cup-2.jpg"},{"name":"third","price":28,"imgURL":"img/goods/cup-3.jpg"},{"name":"third","price":28,"imgURL":"img/goods/cup-4.jpg"}]},{"catName":"magnets","catImg":"./img/goods/magnets.jpg","catItems":[{"name":"first","price":25,"imgURL":"./img/goods/toys.jpg"},{"name":"second","price":25,"imgURL":"./img/goods/toys.jpg"},{"name":"3","price":25,"imgURL":"./img/goods/toys.jpg"},{"name":"4","price":25,"imgURL":"./img/goods/toys.jpg"},{"name":"5","price":25,"imgURL":"./img/goods/toys.jpg"},{"name":"6","price":25,"imgURL":"./img/goods/toys.jpg"},{"name":"7","price":25,"imgURL":"./img/goods/toys.jpg"}]},{"catName":"bags","catImg":"./img/goods/bags.jpg","catItems":[{"name":"first","price":25,"imgURL":"img/goods/toy-1.jpg"},{"name":"Two hearts","price":31,"imgURL":"img/goods/toy-1.jpg"},{"name":"third","price":28,"imgURL":"img/goods/toy-1.jpg"}]},{"catName":"toys","catImg":"./img/goods/toys.jpg","catItems":[{"name":"first toy","price":25,"imgURL":"img/goods/toy-1.jpg"},{"name":"other toy","price":31,"imgURL":"img/goods/toy-2.jpg"},{"name":"toy four","price":28,"imgURL":"img/goods/toy-3.jpg"},{"name":"this one looks good","price":28,"imgURL":"img/goods/toy-4.jpg"},{"name":"this one better","price":28,"imgURL":"img/goods/toy-1.jpg"},{"name":"the best!","price":28,"imgURL":"img/goods/toy-2.jpg"}]},{"catName":"cards","catImg":"./img/goods/cards.jpg","catItems":[{"name":"first","price":25,"imgURL":"./img/goods/toys.jpg"},{"name":"first","price":25,"imgURL":"./img/goods/toys.jpg"},{"name":"first","price":25,"imgURL":"./img/goods/toys.jpg"},{"name":"first","price":25,"imgURL":"./img/goods/toys.jpg"},{"name":"first","price":25,"imgURL":"./img/goods/toys.jpg"},{"name":"first","price":25,"imgURL":"./img/goods/toys.jpg"},{"name":"first","price":25,"imgURL":"./img/goods/toys.jpg"}]},{"catName":"notebooks","catImg":"./img/goods/notebooks.jpg","catItems":[{"name":"first","price":25,"imgURL":"some_url"},{"name":"first","price":25,"imgURL":"some_url"},{"name":"first","price":25,"imgURL":"some_url"},{"name":"first","price":25,"imgURL":"some_url"},{"name":"first","price":25,"imgURL":"some_url"},{"name":"first","price":25,"imgURL":"some_url"},{"name":"first","price":25,"imgURL":"some_url"}]},{"catName":"Pens and pencils","catImg":"./img/goods/penspencils.jpg","catItems":[{"name":"first","price":25,"imgURL":"some_url"},{"name":"first","price":25,"imgURL":"some_url"},{"name":"first","price":25,"imgURL":"some_url"},{"name":"first","price":25,"imgURL":"some_url"},{"name":"first","price":25,"imgURL":"some_url"},{"name":"first","price":25,"imgURL":"some_url"},{"name":"first","price":25,"imgURL":"some_url"}]},{"catName":"Scrum","catImg":"./img/goods/scrum-cards.jpg","catItems":[{"name":"first","price":25,"imgURL":"some_url"},{"name":"first","price":25,"imgURL":"some_url"},{"name":"first","price":25,"imgURL":"some_url"},{"name":"first","price":25,"imgURL":"some_url"},{"name":"first","price":25,"imgURL":"some_url"},{"name":"first","price":25,"imgURL":"some_url"},{"name":"first","price":25,"imgURL":"some_url"}]}]